{
  "train": {
    "1": [
       [-0.46905387, -0.58572814, -0.32892579, -0.35126259, -0.27994652,
        -0.73340441, -0.34515767, -0.69182334, -0.01665447,  0.05434747,
        -0.49334088, -0.11175885, -0.80845382,  0.09611913],
       [-0.61448966, -0.71625433, -0.29857295, -0.437737  , -0.06430213,
        -0.66220453, -0.32517626, -0.77241868, -0.02086963, -0.02745237,
        -0.42620501, -0.1141092 , -0.81787613,  0.02021406],
       [-0.67884134, -0.64752316, -0.25610777, -0.48703767, -0.07328957,
        -0.71578008, -0.72299772, -0.69601703, -0.05962361, -0.03965734,
        -0.34019899, -0.24906774, -0.80220942, -0.08035685],
       [-0.48847489, -0.70986362, -0.35118116, -0.32856858, -0.22309157,
        -0.71941025, -0.41820175, -0.70578356, -0.04283956, -0.04556703,
        -0.47346187, -0.18917541, -0.8287    , -0.07815289],
       [-0.70892757, -0.70601127, -0.29597108, -0.64503512, -0.27641793,
        -0.69671783, -0.3748944 , -0.76175319, -0.06375167, -0.04160569,
        -0.39289558, -0.24681634, -0.8266521 , -0.03793731],
       [-0.56787114, -0.69776657, -0.22089855, -0.34295684, -0.07756555,
        -0.76751182, -0.36357318, -0.71816584, -0.02964612, -0.06276317,
        -0.53105974, -0.19707879, -0.82411049,  0.04186117],
       [-0.47454105, -0.6549252 , -0.35832998, -0.50577107,  0.02201393,
        -0.63041967, -0.29938904, -0.84856138, -0.12462115, -0.01729628,
        -0.5269945 , -0.09176921, -0.82801024, -0.00496209],
       [-0.17083264, -0.76676219, -0.47189772, -0.64057858, -0.08162877,
        -0.66169805, -0.4325279 , -0.84476021,  0.04266503, -0.06236879,
        -0.49709192, -0.13689994, -0.83115086, -0.11691238],
       [-0.75862405, -0.62859071, -0.25487213, -0.47504068, -0.27417804,
        -0.70412494, -0.35538312, -0.70540606,  0.10936702, -0.04976498,
        -0.357949  , -0.18188588, -0.83169671, -0.0582744 ],
       [-0.65759162, -0.66876822, -0.30185181, -0.44703857,  0.0632305 ,
        -0.75907908, -0.33007489, -0.62609907, -0.08749143, -0.03121533,
        -0.46572131, -0.17378436, -0.81924967,  0.02003926]
        ],
    "0": [
       [-0.47017705, -0.70864464, -0.38692015, -0.46765465, -0.33949627,
        -0.73742274, -0.06070777, -0.67090547, -0.12959433, -0.02207072,
        -0.536127  , -0.14371038, -0.82256904,  0.00395494],
       [-0.55279785, -0.69465839, -0.15143214, -0.33630764, -0.24546535,
        -0.69915508, -0.04696328, -0.74809482,  0.10717068, -0.03886637,
        -0.49048005, -0.21414624, -0.82096778,  0.00154974],
       [-0.67054777, -0.67033254, -0.3108518 , -0.22136391, -0.31588192,
        -0.66357677, -0.42402571, -0.81897642, -0.04892957, -0.03977851,
        -0.41782415, -0.15267783, -0.81964762, -0.08900564],
       [-0.50138098, -0.66184557, -0.34318715, -0.33561037,  0.1445128 ,
        -0.74366115, -0.70074337, -0.64045839, -0.08910847, -0.04327668,
        -0.36836716, -0.21503325, -0.81165908, -0.00917391],
       [-0.58055664, -0.72555565, -0.38146361, -0.46649347, -0.41975965,
        -0.69567615, -0.13438601, -0.72717367, -0.14015028, -0.01500999,
        -0.50388377, -0.06249976, -0.81203001, -0.10611182],
       [-0.65504375, -0.6752775 , -0.27790251, -0.45600555, -0.31125635,
        -0.74828314, -0.23160544, -0.71291824,  0.00675691, -0.07313958,
        -0.56606812, -0.27315747, -0.83026423, -0.00299177],
       [-0.44294312, -0.64229717, -0.41140232, -0.43507502, -0.26752834,
        -0.6589546 , -0.15550185, -0.74880219,  0.02700835, -0.08106094,
        -0.46472749, -0.22369507, -0.82985024,  0.02764134],
       [-0.50360683, -0.65146412, -0.32097699, -0.3308506 , -0.09334946,
        -0.70449009, -0.31416991, -0.73848479,  0.04962433, -0.13428322,
        -0.4445401 , -0.32285939, -0.81762263, -0.02688908],
       [-0.6549327 , -0.67682923, -0.41100315, -0.32198212, -0.35658699,
        -0.62509991, -0.3367885 , -0.81574215, -0.01234348,  0.00662016,
        -0.44761169, -0.35612892, -0.82074662,  0.1442444 ],
       [-0.54765662, -0.6745504 , -0.23897139, -0.42560119, -0.26967395,
        -0.7321839 , -0.2731893 , -0.69432434, -0.14803381, -0.07470561,
        -0.59293432, -0.08443948, -0.82760477, -0.02514324]]
    },
    "test": {
      "1": [
       [-0.46905387, -0.58572814, -0.32892579, -0.35126259, -0.27994652,
        -0.73340441, -0.34515767, -0.69182334, -0.01665447,  0.05434747,
        -0.49334088, -0.11175885, -0.80845382,  0.09611913],
       [-0.61448966, -0.71625433, -0.29857295, -0.437737  , -0.06430213,
        -0.66220453, -0.32517626, -0.77241868, -0.02086963, -0.02745237,
        -0.42620501, -0.1141092 , -0.81787613,  0.02021406],
       [-0.55279785, -0.69465839, -0.15143214, -0.33630764, -0.24546535,
        -0.69915508, -0.04696328, -0.74809482,  0.10717068, -0.03886637,
        -0.49048005, -0.21414624, -0.82096778,  0.00154974],
       [-0.67884134, -0.64752316, -0.25610777, -0.48703767, -0.07328957,
        -0.71578008, -0.72299772, -0.69601703, -0.05962361, -0.03965734,
        -0.34019899, -0.24906774, -0.80220942, -0.08035685],
       [-0.44294312, -0.64229717, -0.41140232, -0.43507502, -0.26752834,
        -0.6589546 , -0.15550185, -0.74880219,  0.02700835, -0.08106094,
        -0.46472749, -0.22369507, -0.82985024,  0.02764134],
       [-0.29844802, -0.73074183, -0.19452609, -0.36876281, -0.08544217,
        -0.68671601, -0.39585273, -0.72195413, -0.08396155, -0.01957178,
        -0.42764206, -0.18867229, -0.82171207,  0.05043707],
       [-0.48847489, -0.70986362, -0.35118116, -0.32856858, -0.22309157,
        -0.71941025, -0.41820175, -0.70578356, -0.04283956, -0.04556703,
        -0.47346187, -0.18917541, -0.8287    , -0.07815289],
       [-0.70892757, -0.70601127, -0.29597108, -0.64503512, -0.27641793,
        -0.69671783, -0.3748944 , -0.76175319, -0.06375167, -0.04160569,
        -0.39289558, -0.24681634, -0.8266521 , -0.03793731],
       [-0.75862405, -0.62859071, -0.25487213, -0.47504068, -0.27417804,
        -0.70412494, -0.35538312, -0.70540606,  0.10936702, -0.04976498,
        -0.357949  , -0.18188588, -0.83169671, -0.0582744 ],
       [-0.53895389, -0.71527946, -0.3219769 , -0.37473982, -0.18075177,
        -0.71992063, -0.14821714, -0.63341131,  0.02748897, -0.07413212,
        -0.44557601, -0.13841992, -0.82557968, -0.05878704]
      ],