{
  "train": {
    "1": [
       [-0.46905387, -0.58572814, -0.32892579, -0.35126259, -0.27994652,
        -0.73340441, -0.34515767, -0.69182334, -0.01665447,  0.05434747,
        -0.49334088, -0.11175885, -0.80845382,  0.09611913],
       [-0.61448966, -0.71625433, -0.29857295, -0.437737  , -0.06430213,
        -0.66220453, -0.32517626, -0.77241868, -0.02086963, -0.02745237,
        -0.42620501, -0.1141092 , -0.81787613,  0.02021406],
       [-0.67884134, -0.64752316, -0.25610777, -0.48703767, -0.07328957,
        -0.71578008, -0.72299772, -0.69601703, -0.05962361, -0.03965734,
        -0.34019899, -0.24906774, -0.80220942, -0.08035685]
        ],
    "0": [
       [-0.47017705, -0.70864464, -0.38692015, -0.46765465, -0.33949627,
        -0.73742274, -0.06070777, -0.67090547, -0.12959433, -0.02207072,
        -0.536127  , -0.14371038, -0.82256904,  0.00395494],
       [-0.55279785, -0.69465839, -0.15143214, -0.33630764, -0.24546535,
        -0.69915508, -0.04696328, -0.74809482,  0.10717068, -0.03886637,
        -0.49048005, -0.21414624, -0.82096778,  0.00154974],
       [-0.67054777, -0.67033254, -0.3108518 , -0.22136391, -0.31588192,
        -0.66357677, -0.42402571, -0.81897642, -0.04892957, -0.03977851,
        -0.41782415, -0.15267783, -0.81964762, -0.08900564]
     ]
    },
    "test": {
      "1": [
       [-0.46905387, -0.58572814, -0.32892579, -0.35126259, -0.27994652,
        -0.73340441, -0.34515767, -0.69182334, -0.01665447,  0.05434747,
        -0.49334088, -0.11175885, -0.80845382,  0.09611913],
       [-0.61448966, -0.71625433, -0.29857295, -0.437737  , -0.06430213,
        -0.66220453, -0.32517626, -0.77241868, -0.02086963, -0.02745237,
        -0.42620501, -0.1141092 , -0.81787613,  0.02021406],
       [-0.55279785, -0.69465839, -0.15143214, -0.33630764, -0.24546535,
        -0.69915508, -0.04696328, -0.74809482,  0.10717068, -0.03886637,
        -0.49048005, -0.21414624, -0.82096778,  0.00154974]
      ],
      "0": [
       [-0.47017705, -0.70864464, -0.38692015, -0.46765465, -0.33949627,
        -0.73742274, -0.06070777, -0.67090547, -0.12959433, -0.02207072,
        -0.536127  , -0.14371038, -0.82256904,  0.00395494],
       [-0.67054777, -0.67033254, -0.3108518 , -0.22136391, -0.31588192,
        -0.66357677, -0.42402571, -0.81897642, -0.04892957, -0.03977851,
        -0.41782415, -0.15267783, -0.81964762, -0.08900564],
       [-0.50138098, -0.66184557, -0.34318715, -0.33561037,  0.1445128 ,
        -0.74366115, -0.70074337, -0.64045839, -0.08910847, -0.04327668,
        -0.36836716, -0.21503325, -0.81165908, -0.00917391]
        ]
      }
    }